SOE_18,COMNAME,Fed_Managed
Other,NA,NA
Other,NA,NA
Other,NA,NA
Other,NA,NA
Other,NA,NA
Other,NA,NA
Other,NA,NA
Other,NA,NA
Other,NA,NA
Other,NA,NA
Other,NA,NA
Other,NA,NA
Other,NA,NA
Other,NA,NA
Other,NA,NA
Other,NA,NA
Other,NA,NA
Other,NA,NA
Other,ACADEMY EEL,NA
Piscivore,ACADIAN REDFISH,NEFMC
Other,AESOP SHRIMP,NA
Other,AFRICAN POMPANO,NA
Other,ALBACORE,NA
Planktivore,ALEWIFE,NA
Other,ALLIGATORFISH,NA
Other,ALMACO JACK,NA
Other,AMBERJACK,NA
Other,AMERICAN EEL,NA
Benthivore,AMERICAN LOBSTER,NA
Benthivore,AMERICAN PLAICE,NEFMC
Benthivore,AMERICAN PLAICE,NEFMC
Benthivore,AMERICAN PLAICE,NEFMC
Other,AMERICAN SAND LANCE,NA
Planktivore,AMERICAN SHAD,NA
Other,ANCHOR TILEFISH,NA
Other,ANCHOVY UNCL,NA
Other,ANGLEFIN WHIFF,NA
Other,ARCTIC EELPOUT,NA
Other,ARCTIC EUALID,NA
Other,ARCTIC SURFCLAM,NA
Other,ARCTIC SURFCLAM CLAPPER,NA
Other,ARMORED SEAROBIN,NA
Other,ARROW SQUID,NA
Other,ATLANTIC ANGEL SHARK,NA
Other,ATLANTIC ARGENTINE,NA
Other,ATLANTIC BATFISH,NA
Other,ATLANTIC BONITO,NA
Other,ATLANTIC BRIEF SQUID,NA
Other,ATLANTIC BUMPER,NA
Other,ATLANTIC CALICO SCALLOP,NA
Piscivore,ATLANTIC COD,NEFMC
Piscivore,ATLANTIC COD,NEFMC
Piscivore,ATLANTIC COD,NEFMC
Piscivore,ATLANTIC COD,NEFMC
Piscivore,ATLANTIC COD,NEFMC
Piscivore,ATLANTIC COD,NEFMC
Piscivore,ATLANTIC COD,NEFMC
Piscivore,ATLANTIC COD,NEFMC
Other,ATLANTIC CROAKER,NA
Other,ATLANTIC CROAKER,NA
Other,ATLANTIC CUTLASSFISH,NA
Other,ATLANTIC FLYINGFISH,NA
Other,ATLANTIC GUITARFISH,NA
Other,ATLANTIC HAGFISH,NA
Piscivore,ATLANTIC HALIBUT,NEFMC
Planktivore,ATLANTIC HERRING,NEFMC
Planktivore,ATLANTIC HERRING,NEFMC
Planktivore,ATLANTIC MACKEREL,MAFMC
Planktivore,ATLANTIC MACKEREL,MAFMC
Planktivore,ATLANTIC MACKEREL,MAFMC
Other,ATLANTIC MIDSHIPMAN,NA
Other,ATLANTIC MOONFISH,NA
Other,ATLANTIC NEEDLEFISH,NA
Other,ATLANTIC POMFRET,NA
Other,ATLANTIC ROCK CRAB,NA
Other,ATLANTIC SALMON,NEFMC
Other,ATLANTIC SAURY,NA
Other,ATLANTIC SEASNAIL,NA
Other,ATLANTIC SHARPNOSE SHARK,NA
Other,ATLANTIC SILVERSIDE,NA
Other,ATLANTIC SOFT POUT,NA
Other,ATLANTIC SPADEFISH,NA
Other,ATLANTIC SPINY LUMPSUCKER,NA
Other,ATLANTIC STINGRAY,NA
Other,ATLANTIC STURGEON,NA
Benthos,ATLANTIC SURFCLAM,MAFMC
Other,ATLANTIC SURFCLAM CLAPPER,NA
Other,ATLANTIC THORNYHEAD,NA
Other,ATLANTIC THREAD HERRING,NA
Other,ATLANTIC TOMCOD,NA
Other,ATLANTIC TORPEDO,NA
Benthivore,ATLANTIC WOLFFISH,NA
Other,BALLOONFISH,NA
Other,BALLYHOO,NA
Other,BANDED BUTTERFLYFISH,NA
Other,BANDED DRUM,NA
Other,BANDED RUDDERFISH,NA
Other,BANDTAIL PUFFER,NA
Other,BANDTAIL SEAROBIN,NA
Other,BANDTOOTH CONGER,NA
Other,BANK BUTTERFLYFISH,NA
Other,BANK CUSK-EEL,NA
Other,BANK SEA BASS,NA
Other,BAR JACK,NA
Other,BARBFISH,NA
Benthivore,BARNDOOR SKATE,NEFMC
Other,BARRACUDA,NA
Other,BARRACUDAS,NA
Other,BARRACUDINAS,NA
Other,BARRELFISH,NA
Other,BASKING SHARK,NA
Other,BASSLET UNCL,NA
Other,BATFISH UNCL,NA
Other,BATHYAL SWIMMING CRAB,NA
Other,BAY ANCHOVY,NA
Other,BAY SCALLOP,NA
Other,BAY WHIFF,NA
Other,BEARDED BROTULA,NA
Other,BEARDFISH,NA
Other,BEARDLESS CODLING,NA
Other,BEAUGREGORY,NA
Other,BELTED SANDFISH,NA
Other,BERMUDA CHUB,NA
Other,BIG ROUGHY,NA
Other,BIG ROUGHY,NA
Other,BIGEYE,NA
Other,BIGEYE CIGARFISH,NA
Other,BIGEYE SCAD,NA
Other,BIGEYE SEAROBIN,NA
Other,BIGEYE SOLDIERFISH,NA
Other,BIGEYE THRESHER SHARK,NA
Other,BIGEYE TUNA,NA
Other,BIGHEAD SEAROBIN,NA
Other,BIGNOSE SHARK,NA
Other,BIGSCALE POMFRET,NA
Other,BLACK DOGFISH,NA
Other,BLACK DRUM,NA
Other,BLACK GEMFISH,NA
Other,BLACK GROUPER,NA
Other,BLACK MARLIN,NA
Benthivore,BLACK SEA BASS,MAFMC
Benthivore,BLACK SEA BASS,MAFMC
Other,BLACKBAR SOLDIERFISH,NA
Planktivore,BLACKBELLY ROSEFISH,NA
Other,BLACKCHEEK TONGUEFISH,NA
Other,BLACKEAR BASS,NA
Other,BLACKEAR WRASSE,NA
Other,BLACKEDGE MORAY,NA
Other,BLACKFIN GOOSEFISH,NA
Other,BLACKFIN SNAPPER,NA
Other,BLACKFIN TUNA,NA
Other,BLACKLINE TILEFISH,NA
Other,BLACKMOUTH BASS,NA
Other,BLACKMOUTHED ALFONSIN,NA
Other,BLACKNOSE SHARK,NA
Other,BLACKSPOTTED STICKLEBACK,NA
Other,BLACKTIP SHARK,NA
Other,BLACKWING SEAROBIN,NA
Other,BLADDER WRACK,NA
Other,BLOODWORMS,NA
Other,BLOTCHED CUSK-EEL,NA
Other,BLOTCHED SWIMMING CRAB,NA
Other,BLUE ANGELFISH,NA
Benthivore,BLUE CRAB,NA
Other,BLUE HAKE,NA
Other,BLUE MARLIN,NA
Benthos,BLUE MUSSEL,NA
Other,BLUE PARROTFISH,NA
Other,BLUE RUNNER,NA
Other,BLUE SHARK,NA
Other,BLUE TANG,NA
Planktivore,BLUEBACK HERRING,NA
Apex Predator,BLUEFIN TUNA,NA
Piscivore,BLUEFISH,MAFMC
Piscivore,BLUEFISH,MAFMC
Piscivore,BLUEFISH,MAFMC
Other,BLUELINE TILEFISH,MAFMC
Other,BLUELIP PARROTFISH,NA
Other,BLUESPOTTED CORNETFISH,NA
Other,BLUESPOTTED SEAROBIN,NA
Other,BLUNTHEAD PUFFER,NA
Other,BLUNTNOSE FLYINGFISH,NA
Other,BLUNTNOSE JACK,NA
Other,BLUNTNOSE SMOOTHHEAD,NA
Other,BLUNTNOSE STINGRAY,NA
Other,BOA DRAGONFISH,NA
Other,BOARFISH UNCL,NA
Other,BOBTAIL UNCL,NA
Other,BONEFISH,NA
Other,BONNETHEAD SHARK,NA
Other,BOREAL ASTERIAS,NA
Other,BOX CRAB UNCL,NA
Other,BRIDLE CARDINALFISH,NA
Other,BRISTLED LONGBEAK,NA
Other,BROAD FLOUNDER,NA
Other,BROADBAND DOGFISH,NA
Other,BROWN DRIFTFISH,NA
Other,BROWN ROCK SHRIMP,NA
Other,BROWN SHRIMP,NA
Other,BROWN TROUT,NA
Other,BUCKTOOTH PARROTFISH,NA
Other,BULL PIPEFISH,NA
Other,BULL SHARK,NA
Other,BULLET MACKEREL,NA
Other,BULLEYE,NA
Other,BULLHEADS,NA
Other,BULLNOSE RAY,NA
Planktivore,BUTTERFISH,MAFMC
Other,BUTTERFISH UNCL,NA
Other,"BUTTERFISH,GULF",NA
Other,BUTTERFLYFISH UNCL,NA
Other,CAESAR GRUNT,NA
Other,CALICO BOX CRAB,NA
Other,CALICO CRAB UNCL,NA
Benthivore,CANCER CRAB UNCL,NA
Other,CAPELIN,NA
Other,CARDINAL SOLDIERFISH,NA
Other,CARDINALFISH UNCL,NA
Other,CARIBBEAN LANTERNSHARK,NA
Other,CARIBBEAN SPINY LOBSTER,NA
Other,CAROLINA HAKE,NA
Other,CARP,NA
Other,"CATFISH,BLUE",NA
Other,"CATFISH,CHANNEL",NA
Other,"CATFISH,FLATHEAD",NA
Other,"CATFISH,WHITE",NA
Other,CATFISHES (FRESHWATER),NA
Other,CATFISHES (SEA),NA
Other,CERO,NA
Benthivore,CHAIN DOGFISH,NA
Other,CHAIN PIPEFISH,NA
Other,CHANNEL FLOUNDER,NA
Benthos,CHANNELED WHELK,NA
Other,CHECKERED PUFFER,NA
Other,CHUB MACKEREL,NA
Other,"CLAM,BLOOD ARC",NA
Other,"CLAM,RAZOR,ATLANTIC",NA
Other,"CLAM,SOFT",NA
Other,"CLAM,STOUT TAGELUS (BAMBOO)",NA
Other,"CLAMS,HARD",NA
Piscivore,CLEARNOSE SKATE,NEFMC
Other,CLINID UNCL,NA
Other,COARSEHAND LADY CRAB,NA
Other,COBIA,NA
Other,COCOA DAMSELFISH,NA
Other,CODLINGS,NA
Other,COMBTOOTH BLENNY UNCL,NA
Other,COMMON OCTOPUS,NA
Other,COMMON SNOOK,NA
Other,CONEJO,NA
Other,CONGER EEL,NA
Other,CONGER EEL UNCL,NA
Other,"CORALS,SOFT,NK",NA
Other,CORNETFISH UNCL,NA
Other,COTTONMOUTH JACK,NA
Other,COWNOSE RAY,NA
Other,"CRAB,HERMIT",NA
Other,"CRAB,JAPANESE SHORE",NA
Benthivore,"CRAB,RED DEEPSEA",NEFMC
Other,"CRAB,UNC",NA
Other,CRAPPIE,NA
Other,CREOLE WRASSE,NA
Other,CREOLE-FISH,NA
Other,CRESTED BLENNY,NA
Other,CRESTED CUSK-EEL,NA
Other,CREVALLE JACK,NA
Other,CRIMSON BASS,NA
Other,"CRUSTACEANS,UNC",NA
Other,CUBAN ANCHOVY,NA
Other,CUBBYU,NA
Benthivore,CUNNER,NA
Planktivore,CUSK,NA
Other,CUSK-EEL UNCL,NA
Other,DAMSELFISH UNCL,NA
Other,DAUBED SHANNY,NA
Other,DEEPBODY BOARFISH,NA
Other,DEEPWATER DAB,NA
Other,DEEPWATER FLOUNDER,NA
Other,DEEPWATER SQUIRRELFISH,NA
Other,DOCTORFISH,NA
Other,DOG SNAPPER,NA
Other,"DOGFISH,UNC",NA
Other,DOLPHIN,NA
Other,DOLPHINFISH,NA
Other,"DORY,NK",NA
Other,DOTTEREL FILEFISH,NA
Other,DRUM UNCL,NA
Other,"DRUM,FRESHWATER",NA
Other,DUCK-BILL SHELL UNCL,NA
Other,DULSE,NA
Other,DUSKY ANCHOVY,NA
Other,DUSKY FLOUNDER,NA
Other,DUSKY PIPEFISH,NA
Other,DUSKY SHARK,NA
Other,DUSKY SQUIRRELFISH,NA
Other,DWARF GOATFISH,NA
Other,DWARF HERRING,NA
Other,DWARF SAND PERCH,NA
Other,EEL UNCL,NA
Other,"EEL,CUTTHROAT",NA
Other,EELPOUT UNCL,NA
Other,EMERALD PARROTFISH,NA
Other,ESCOLAR,NA
Other,ETROPUS UNCL,NA
Other,EYED FLOUNDER,NA
Other,FALSE IRISH MOSS,NA
Other,FALSE QUAHOG,NA
Other,FANTAIL MULLET,NA
Other,FAT SLEEPER,NA
Other,FAWN CUSK-EEL,NA
Other,FEATHER BLENNY,NA
Other,FINETOOTH SHARK,NA
Other,FINGERED KELP,NA
Other,FINLESS EEL,NA
Other,"FISH,OTHER",NA
Other,"FISH,OTHER-INDUSTRIAL",NA
Other,FLAME BOX CRAB,NA
Other,FLAMEFISH,NA
Other,FLAT ANCHOVY,NA
Other,FLAT NEEDLEFISH,NA
Other,FLORIDA POMPANO,NA
Other,FLORIDA SMOOTHHOUND,NA
Other,FLOUNDER UNCL,NA
Other,FLYING GURNARD,NA
Other,FLYING HALFBEAK,NA
Other,FOURBEARD ROCKLING,NA
Other,FOUREYE BUTTERFLYFISH,NA
Other,FOURHORN SCULPIN,NA
Other,FOURSPINE STICKLEBACK,NA
Piscivore,FOURSPOT FLOUNDER,NA
Piscivore,FOURSPOT FLOUNDER,NA
Other,FOURWING FLYINGFISH,NA
Other,FRECKLED BLENNY,NA
Other,FRECKLED SOAPFISH,NA
Other,FRECKLED STARGAZER,NA
Other,FRIENDLY BLADE SHRIMP,NA
Other,FRIGATE MACKEREL,NA
Other,FRILLFIN GOBY,NA
Other,FRINGED FILEFISH,NA
Other,FRINGED FLOUNDER,NA
Other,GAFFTOPSAIL CATFISH,NA
Other,GAG,NA
Other,GALATHEID UNCL,NA
Other,GARFISHES,NA
Other,GIZZARD SHAD,NA
Other,GLACIER LANTERNFISH,NA
Other,GLADIATOR BOX CRAB,NA
Other,GLASSEYE SNAPPER,NA
Other,GOBY FLATHEAD,NA
Other,GOBY UNCL,NA
Other,GOLDEN DEEPSEA CRAB,NA
Other,GOLDFACE TILEFISH,NA
Piscivore,GOOSEFISH,JOINT
Piscivore,GOOSEFISH,JOINT
Other,GRAY ANGELFISH,NA
Other,GRAY FLOUNDER,NA
Other,GRAY SNAPPER,NA
Other,GRAY TRIGGERFISH,NA
Other,GREAT BARRACUDA,NA
Other,GREAT HAMMERHEAD SHARK,NA
Other,GREATER AMBERJACK,NA
Other,GREEN CRAB,NA
Other,GREEN SEATURTLE,NA
Other,GREENBAND WRASSE,NA
Other,GREENEYE UNCL,NA
Other,GREENLAND COCKLE,NA
Other,GREENLAND HALIBUT,NA
Other,GRENADIER UNCL,NA
Other,"GROUPER,CONEY",NA
Other,GRUBBY,NA
Other,GRUNT UNCL,NA
Other,"GRUNT,WHITE",NA
Other,GUAGUANCHE,NA
Other,GULF FLOUNDER,NA
Other,GULF KINGFISH,NA
Other,GULF STREAM FLOUNDER,NA
Benthivore,HADDOCK,NEFMC
Benthivore,HADDOCK,NEFMC
Benthivore,HADDOCK,NEFMC
Benthivore,HADDOCK,NEFMC
Benthivore,HADDOCK,NEFMC
Benthivore,HADDOCK,NEFMC
Other,HAGFISH,NA
Other,HAKE UNCL,NA
Other,"HAKE,LONGFIN",NA
Other,HAKES,NA
Other,HALFBEAKS,NA
Other,HARDHEAD CATFISH,NA
Other,HARVESTFISH,NA
Other,HARVESTFISHES,NA
Other,HATCHETFISH UNCL,NA
Other,HAWKSBILL SEATURTLE,NA
Other,HEADLIGHTFISH,NA
Other,HEADLIGHTFISH UNCL,NA
Other,HERMIT CRAB UNCL,NA
Other,HERRING SMELT,NA
Other,HERRING UNCL,NA
Other,"HERRING,RIVER",NA
Other,HICKORY SHAD,NA
Other,HIGH-HAT,NA
Other,HIGHFIN SCORPIONFISH,NA
Other,HOGCHOKER,NA
Other,HOGFISH,NA
Other,HONEYCOMB COWFISH,NA
Other,HONEYCOMB MORAY,NA
Other,HOOKEAR SCULPINS,NA
Other,HORNED LANTERNFISH,NA
Other,HORNED SEAROBIN,NA
Other,HORNED WHIFF,NA
Other,HORSE-EYE JACK,NA
Other,HORSESHOE CRAB,NA
Other,HOUNDFISH,NA
Other,HUNCHBACK SCORPIONFISH,NA
Other,ICELAND SCALLOP,NA
Other,ICELAND SCALLOP CLAPPER,NA
Other,INQUILINE SNAILFISH,NA
Other,INSHORE LIZARDFISH,NA
Other,IRISH MOSS,NA
Other,JACK POMPANO UNCL,NA
Other,"JACK,BAR",NA
Other,JACKKNIFE-FISH,NA
Other,JAMBEAU,NA
Other,"JELLYFISH,UNC",NA
Piscivore,JOHN DORY,NA
Other,JOLTHEAD PORGY,NA
Benthivore,JONAH CRAB,NA
Other,KEELCHEEK BASS,NA
Other,KEMP'S RIDLEY SEATURTLE,NA
Other,KING MACKEREL,NA
Other,KING WHITING,NA
Other,KNOBBED PORGY,NA
Other,KNOBBED WHELK,NA
Benthivore,LADY CRAB,NA
Other,LADYFISH,NA
Other,LANCER STARGAZER,NA
Other,"LANCETFISHES,UNC",NA
Other,LANE SNAPPER,NA
Other,LANTERN BASS,NA
Other,LANTERNFISH UNCL,NA
Other,LARGESCALE LIZARDFISH,NA
Other,LARGESCALE TONGUEFISH,NA
Other,LAUNCES,NA
Other,LEATHERBACK SEATURTLE,NA
Other,LEATHERJACK,NA
Other,LEFTEYE FLOUNDER UNCL,NA
Other,LEMON SHARK,NA
Other,LEOPARD SEAROBIN,NA
Other,LEOPARD SHARK,NA
Other,LEOPARD TOADFISH,NA
Other,LESSER AMBERJACK,NA
Other,LESSER ELECTRIC RAY,NA
Other,LESSER SHINING BOBTAIL,NA
Other,LIGHTFISH UNCL,NA
Other,LINED SEAHORSE,NA
Piscivore,LITTLE SKATE,NEFMC
Piscivore,LITTLE SKATE,NEFMC
Other,LITTLE TUNNY,NA
Other,LITTLEHEAD PORGY,NA
Other,LIZA,NA
Other,LIZARDFISH UNCL,NA
Other,LOGGERHEAD SEATURTLE,NA
Other,LONGBILL SPEARFISH,NA
Other,LONGFIN HAKE,NA
Other,LONGFIN MAKO,NA
Other,LONGFIN SCORPIONFISH,NA
Planktivore,LONGFIN SQUID,MAFMC
Other,LONGFIN SQUID EGG MOPS,NA
Planktivore,LONGHORN SCULPIN,NA
Planktivore,LONGHORN SCULPIN,NA
Other,LONGNOSE BATFISH,NA
Other,LONGNOSE GREENEYE,NA
Other,LONGNOSE GRENADIER,NA
Other,LONGNOSE LANCETFISH,NA
Other,LONGSNOUT BUTTERFLYFISH,NA
Other,LONGSNOUT SEAHORSE,NA
Other,LONGSPINE SCORPIONFISH,NA
Other,LONGSPINE SNIPEFISH,NA
Other,LONGSPINE SQUIRRELFISH,NA
Other,LONGTAIL SKATE,NA
Other,LONGTOOTH ANGLEMOUTH,NA
Other,LOOKDOWN,NA
Other,LOPHIIFORM UNCL,NA
Planktivore,LUMPFISH,NA
Other,LUMPFISH SNAILFISH UNCL,NA
Other,MACKEREL AND TUNA UNCL,NA
Other,MACKEREL SCAD,NA
Other,"MACKEREL,CHUB",NA
Other,MADEIRA LANTERNFISH,NA
Other,MANTA,NA
Other,MANTIS SHRIMP UNCL,NA
Other,MANTIS SHRIMPS,NA
Other,MARBLED GROUPER,NA
Other,MARBLED PUFFER,NA
Other,MARGINED FLYINGFISH,NA
Other,MARGINED SNAKE EEL,NA
Other,"MARLIN,UNC",NA
Other,MARLIN-SPIKE,NA
Other,MARLINSUCKER,NA
Planktivore,MENHADEN,NA
Other,METALLIC CODLING,NA
Other,MEXICAN SEAROBIN,NA
Other,MINNOWS,NA
Other,MISTY GROUPER,NA
Other,MOJARRA UNCL,NA
Other,"MOLLUSKS,UNC",NA
Other,MOON SNAIL SHARK EYE AND BABY-EAR,NA
Other,MOONEYE CUSK-EEL,NA
Other,MORA UNCL,NA
Other,MORAY UNCL,NA
Other,MOTTLED CUSK-EEL,NA
Other,MOTTLED JAWFISH,NA
Other,MOUSTACHE JAWFISH,NA
Other,MOUSTACHE SCULPIN,NA
Other,"MULLET,RED (GOATFISH)",NA
Other,MULLETS,NA
Other,MUMMICHOG,NA
Other,MUTTON HAMLET,NA
Other,MUTTON SNAPPER,NA
Other,NAKED GOBY,NA
Other,NAKED SOLE,NA
Other,NASSAU GROUPER,NA
Other,NIGHT SHARK,NA
Other,NINESPINE STICKLEBACK,NA
Other,NORI/LAVER,NA
Other,NORTHERN CYCLOCARDIA,NA
Other,NORTHERN HORSEMUSSEL,NA
Other,NORTHERN KINGFISH,NA
Other,NORTHERN MOONSNAIL,NA
Other,NORTHERN PIPEFISH,NA
Other,NORTHERN PROPELLER CLAM,NA
Other,NORTHERN PUFFER,NA
Other,NORTHERN QUAHOG,NA
Other,NORTHERN QUAHOG,NA
Other,NORTHERN QUAHOG CLAPPER,NA
Planktivore,NORTHERN SAND LANCE,NA
Planktivore,NORTHERN SEAROBIN,NA
Other,NORTHERN SENNET,NA
Planktivore,NORTHERN SHORTFIN SQUID,MAFMC
Other,NORTHERN SHORTFIN SQUID EGG MOPS,NA
Other,NORTHERN SHRIMP,NA
Other,NORTHERN STARGAZER,NA
Other,NORTHERN STONE CRAB,NA
Other,NORTHERN TONGUEFISH,NA
Other,NORWEGIAN SHRIMP,NA
Other,NURSE SHARK,NA
Other,OARWEED KELP,NA
Benthivore,OCEAN POUT,NEFMC
Benthos,OCEAN QUAHOG,MAFMC
Other,OCEAN QUAHOG CLAPPER,NA
Other,OCEAN SUNFISH,NA
Other,OCEAN SURGEON,NA
Other,OCEAN TRIGGERFISH,NA
Other,OCEANIC TWO-WING FLYINGFISH,NA
Other,OCEANIC WHITETIP SHARK,NA
Other,OCELLATE SKATE,NA
Other,OCELLATE SKATES,NA
Other,OCELLATED FLOUNDER,NA
Other,OCELLATED FROGFISH,NA
Other,OCTOPUS,NA
Other,OCTOPUS UNCL,NA
Piscivore,OFFSHORE HAKE,NEFMC
Other,OFFSHORE LIZARDFISH,NA
Other,OFFSHORE TONGUEFISH,NA
Other,OILFISH,NA
Other,OPAH,NA
Other,ORANGE FILEFISH,NA
Other,ORANGEBACK BASS,NA
Other,OWEN'S BOBTAIL,NA
Other,OYSTER TOADFISH,NA
Other,"OYSTER,EASTERN",NA
Other,"OYSTER,EUROPEAN FLAT",NA
Other,PAINTED WRASSE,NA
Other,PALESPOTTED EEL,NA
Other,PALOMETA,NA
Other,PANCAKE BATFISH,NA
Other,PARROT SHRIMP,NA
Other,PARROTFISH UNCL,NA
Other,PATCHWORK LAMPFISH,NA
Other,PEACOCK FLOUNDER,NA
Other,PEARLFISH,NA
Other,PEARLY RAZORFISH,NA
Other,PELAGIC STINGRAY,NA
Other,PELICAN FLOUNDER,NA
Other,"PERCH,TRUE",NA
Other,"PERIWINKLES,ATLANTIC (COCKLES)",NA
Other,PERMIT,NA
Other,PIGFISH,NA
Other,PILOTFISH,NA
Other,PINFISH,NA
Other,PINK GLASS SHRIMP,NA
Other,PINK SHRIMP,NA
Other,PIPEFISH SEAHORSE UNCL,NA
Other,PLANEHEAD FILEFISH,NA
Other,PLUMED SCORPIONFISH,NA
Other,POLAR LEBBEID,NA
Other,POLKA-DOT BATFISH,NA
Other,POLKA-DOT CUSK-EEL,NA
Piscivore,POLLOCK,NEFMC
Piscivore,POLLOCK,NEFMC
Piscivore,POLLOCK,NEFMC
Piscivore,POLLOCK,NEFMC
Piscivore,POLLOCK,NEFMC
Piscivore,POLLOCK,NEFMC
Piscivore,POLLOCK,NEFMC
Piscivore,POLLOCK,NEFMC
Other,POMFRETS,NA
Other,POMPANO DOLPHIN,NA
Other,PORBEAGLE SHARK,NA
Other,PORCUPINEFISH,NA
Other,PORGY AND PINFISH UNCL,NA
Other,"PORGY,RED",NA
Other,PORKFISH,NA
Other,PORTUGUESE SHARK,NA
Other,PUDDINGWIFE,NA
Other,PUFFER UNCL,NA
Other,"PUFFERS,(SEA CHICKEN)",NA
Other,PUNCTATE BLADE SHRIMP,NA
Other,PYGMY ARGENTINE,NA
Other,PYGMY MORAY,NA
Other,PYGMY SEA BASS,NA
Other,QUEEN ANGELFISH,NA
Other,QUEEN TRIGGERFISH,NA
Other,RADIATED SHANNY,NA
Other,RAINBOW RUNNER,NA
Other,RAINBOW SMELT,NA
Other,RAINBOW TROUT,NA
Other,RAY AND SKATE UNCL,NA
Other,"RAY,BULLNOSE",NA
Other,"RAY,EAGLE",NA
Other,"RAY,SICKLEFIN (CHILEAN) DEVIL",NA
Other,"RAY,SPINETAIL DEVIL",NA
Other,RAZOR AND JACKKNIFE CLAM UNCL,NA
Other,RED BARBIER,NA
Other,RED CORNETFISH,NA
Other,RED DORY,NA
Other,RED DRUM,NA
Other,RED GOATFISH,NA
Other,RED GROUPER,NA
Piscivore,RED HAKE,NEFMC
Piscivore,RED HAKE,NEFMC
Piscivore,RED HAKE,NEFMC
Other,RED HIND,NA
Other,RED HOGFISH,NA
Other,RED LIZARDFISH,NA
Other,RED PORGY,NA
Other,RED SNAPPER,NA
Other,REDEYE GAPER,NA
Other,"REDFISH,GOLDEN",NA
Other,REEF BUTTERFLYFISH,NA
Other,REEF SHARK,NA
Other,REMORA,NA
Other,REQUIEM SHARK UNCL,NA
Other,RIBBONFISHES,NA
Other,RIDGED SLIPPER LOBSTER,NA
Other,RIGHTEYE FLOUNDER UNCL,NA
Other,ROCK BEAUTY,NA
Other,ROCK GUNNEL,NA
Other,ROCK HIND,NA
Other,ROCK SEA BASS,NA
Other,ROCKWEED,NA
Benthivore,ROSETTE SKATE,NEFMC
Other,ROUGH SAGRE,NA
Other,ROUGH SCAD,NA
Other,ROUGH SILVERSIDE,NA
Other,ROUGHBACK BATFISH,NA
Other,ROUGHHEAD GRENADIER,NA
Other,ROUGHTAIL STINGRAY,NA
Other,ROUGHTONGUE BASS,NA
Other,ROUND HERRING,NA
Other,ROUND SCAD,NA
Other,ROUNDEL SKATE,NA
Other,ROYAL RED SHRIMP,NA
Other,RUPPELL'S ABRALIA,NA
Other,SADDLE BASS,NA
Other,SAILFIN EEL,NA
Other,SAILFISH,NA
Other,"SALMON,COHO,AQUACULTURE",NA
Other,"SALMON,KING,AQUACULTURE",NA
Other,"SALMON,PACIFIC,PINK",NA
Other,"SALMON,UNCLASSIFIED",NA
Other,SAND DIVER,NA
Other,SAND DOLLAR UNCL,NA
Other,SAND PERCH,NA
Other,SAND SEATROUT,NA
Other,SAND TIGER,NA
Other,SAND TILEFISH,NA
Other,SAND WHIFF,NA
Other,SANDBAR SHARK,NA
Other,SANDDABS,NA
Other,SANDWORMS,NA
Other,SARGASSUMFISH,NA
Other,SAUCEREYE PORGY,NA
Other,SCALED SARDINE,NA
Other,"SCALLOP,UNC",NA
Other,SCALLOPED HAMMERHEAD SHARK,NA
Other,SCALY DRAGONFISH UNCL,NA
Other,SCAMP,NA
Other,SCARLET GAMBA SHRIMP,NA
Other,SCHOOL BASS,NA
Other,SCHOOLMASTER,NA
Other,SCOOPHEAD SHARK,NA
Other,SCORPIONFISH AND ROCKFISH UNCL,NA
Other,SCRAWLED COWFISH,NA
Other,SCRAWLED FILEFISH,NA
Planktivore,SCULPIN UNCL,NA
Benthivore,SCUP,MAFMC
Other,SEA BASS UNCL,NA
Other,"SEA BASS,NK",NA
Benthos,SEA CUCUMBER,NA
Other,SEA LAMPREY,NA
Other,SEA LETTUCE,NA
Piscivore,SEA RAVEN,NA
Piscivore,SEA RAVEN,NA
Benthos,SEA SCALLOP,NEFMC
Other,SEA SCALLOP CLAPPER,NA
Other,SEA STAR - BRITTLE STAR - AND BASKETS,NA
Other,"SEA TROUT,UNC",NA
Benthos,SEA URCHIN AND SAND DOLLAR UNCL,NA
Benthos,SEA URCHINS,NA
Other,SEAROBIN UNCL,NA
Other,"SEAROBINS,NORTH AMERICAN",NA
Other,SEAWEED BLENNY,NA
Other,"SEAWEED,UNC",NA
Other,SERGEANT MAJOR,NA
Other,SEVENSPINE BAY SHRIMP,NA
Other,SHARK EYE,NA
Apex Predator,SHARK UNCL,NA
Other,"SHARK,CARCHARHIN,NK",NA
Other,"SHARK,CARIBBEAN SHARPNOSE",NA
Other,"SHARK,GREENLAND",NA
Other,"SHARK,HAMMERHEAD",NA
Other,"SHARK,MAKO UNC",NA
Other,"SHARK,PELAGIC,NK",NA
Other,"SHARK,SMALL COASTAL SPECIES",NA
Other,"SHARK,THRESHER UNC",NA
Other,"SHARK,UNC",NA
Other,SHARKSUCKER,NA
Other,SHARPNOSE PUFFER,NA
Other,SHEEPSHEAD,NA
Other,SHEEPSHEAD MINNOW,NA
Other,SHEEPSHEAD PORGY,NA
Other,SHERBORN'S CARDINALFISH,NA
Other,SHIELD BOBTAIL,NA
Other,SHOAL FLOUNDER,NA
Other,SHORT BIGEYE,NA
Other,SHORTBILL SPEARFISH,NA
Other,SHORTFIN MAKO,NA
Other,SHORTFIN SEAROBIN,NA
Other,SHORTHORN SCULPIN,NA
Other,SHORTJAW LIZARDFISH,NA
Other,SHORTNOSE BATFISH,NA
Other,SHORTNOSE GREENEYE,NA
Other,SHORTNOSE STURGEON,NA
Other,SHORTSPINE BOARFISH,NA
Other,SHORTTAIL SNAKE EEL,NA
Other,SHORTWING SEAROBIN,NA
Other,SHRIMP (PINK -BROWN - WHITE),NA
Other,SHRIMP EEL,NA
Other,SHRIMP FLOUNDER,NA
Other,SHRIMP UNCL,NA
Other,"SHRIMP,ATLANTIC & GULF,BROWN",NA
Other,"SHRIMP,CRANGON",NA
Other,"SHRIMP,NORTHERN BROWN",NA
Other,"SHRIMP,ROCK",NA
Other,"SHRIMP,SCARLET",NA
Other,"SHRIMP,UNC (CARIDEA)",NA
Other,SILK SNAPPER,NA
Other,SILKY SHARK,NA
Other,SILVER ANCHOVY,NA
Piscivore,SILVER HAKE,NEFMC
Piscivore,SILVER HAKE,NEFMC
Piscivore,SILVER HAKE,NEFMC
Other,SILVER HATCHETFISH,NA
Other,SILVER JENNY,NA
Other,SILVER PERCH,NA
Other,SILVER PORGY,NA
Other,SILVER RAG,NA
Other,SILVER SEATROUT,NA
Other,SILVERSIDE UNCL,NA
Other,SILVERSIDES,NA
Other,SILVERSTRIPE HALFBEAK,NA
Other,SIMONYS FROSTFISH,NA
Other,SINGLESPOT FROGFISH,NA
Other,"SKATE,SHORTTAIL",NA
Other,SKATES,NA
Other,"SKATES,LITTLE/WINTER MIXED",NA
Other,SKILLETFISH,NA
Other,SKIPJACK TUNA,NA
Other,SLENDER LIGHTFISH,NA
Other,SLENDER SEAROBIN,NA
Other,SLENDER SNIPE EEL,NA
Other,SLENDER TONGUEFISH,NA
Other,SLICKHEADS,NA
Other,SLIPPERY DICK,NA
Other,SLOPE HATCHETFISH,NA
Other,SMALLEYE HAMMERHEAD SHARK,NA
Other,SMALLMOUTH FLOUNDER,NA
Other,SMALLTAIL SHARK,NA
Other,SMELTS,NA
Other,SMOOTH ASTARTE,NA
Other,SMOOTH BUTTERFLY RAY,NA
Benthivore,SMOOTH DOGFISH,NA
Benthivore,SMOOTH DOGFISH,NA
Other,SMOOTH HAMMERHEAD SHARK,NA
Other,SMOOTH PUFFER,NA
Piscivore,SMOOTH SKATE,NEFMC
Other,SMOOTH TRUNKFISH,NA
Other,SMOOTHHEAD SCORPIONFISH,NA
Other,"SNAIL,SLIPPER LIMPET",NA
Benthos,SNAILS(CONCHS),NA
Other,SNAKE EEL UNCL,NA
Other,SNAKE MACKEREL,NA
Other,SNAKE MACKEREL UNCL,NA
Other,SNAKEBLENNY,NA
Other,SNAKEFISH,NA
Other,"SNAKEHEAD,NORTHERN",NA
Other,SNAPPER EEL,NA
Other,SNAPPER UNCL,NA
Other,"SNAPPER,CUBERA",NA
Other,SNOW CRAB,NA
Other,SNOWY GROUPER,NA
Other,SNUBNOSE EEL,NA
Other,SOUTHERN EAGLE RAY,NA
Other,SOUTHERN FLOUNDER,NA
Other,SOUTHERN HAKE,NA
Other,SOUTHERN KINGFISH,NA
Other,SOUTHERN PUFFER,NA
Other,SOUTHERN QUAHOG,NA
Other,SOUTHERN QUAHOG CLAPPER,NA
Other,SOUTHERN STARGAZER,NA
Other,SOUTHERN STINGRAY,NA
Other,SPADEFISH,NA
Other,SPANISH MACKEREL,NA
Other,SPANISH SARDINE,NA
Other,SPANISH SLIPPER LOBSTER,NA
Other,SPEARFISH REMORA,NA
Other,"SPEARFISH,ROUNDSCALE",NA
Other,SPEARFISHES,NA
Other,SPECKLED HIND,NA
Other,SPECKLED SWIMMING CRAB,NA
Other,SPECKLED WORM EEL,NA
Benthivore,SPIDER CRAB UNCL,NA
Other,SPINNER SHARK,NA
Other,SPINY BUTTERFLY RAY,NA
Piscivore,SPINY DOGFISH,JOINT
Piscivore,SPINY DOGFISH,JOINT
Piscivore,SPINY DOGFISH,JOINT
Other,SPINY FLOUNDER,NA
Other,SPINY LEBBEID,NA
Other,SPINY SEAROBIN,NA
Other,SPINYCHEEK SCORPIONFISH,NA
Other,SPINYCHEEK SOLDIERFISH,NA
Other,SPINYTAIL SKATE,NA
Other,SPOON-NOSE EEL UNCL,NA
Other,SPOONARM OCTOPUS,NA
Other,SPOT,NA
Other,SPOTFIN BUTTERFLYFISH,NA
Other,SPOTFIN DRAGONET,NA
Other,SPOTFIN FLOUNDER,NA
Other,SPOTFIN FLYINGFISH,NA
Other,SPOTFIN HOGFISH,NA
Other,SPOTFIN MOJARRA,NA
Other,SPOTTAIL PINFISH,NA
Other,SPOTTAIL TONGUEFISH,NA
Other,SPOTTED BURRFISH,NA
Other,SPOTTED DRIFTFISH,NA
Other,SPOTTED DRUM,NA
Other,SPOTTED EAGLE RAY,NA
Other,SPOTTED GOATFISH,NA
Other,SPOTTED HAKE,NA
Other,SPOTTED HAKE,NA
Other,SPOTTED LANTERNFISH,NA
Other,SPOTTED MORAY,NA
Other,SPOTTED SCORPIONFISH,NA
Other,SPOTTED SEATROUT,NA
Other,SPOTTED SOAPFISH,NA
Other,SPOTTED SPOON-NOSE EEL,NA
Other,SPOTTED TINSELFISH,NA
Other,SPOTTED TRUNKFISH,NA
Other,SPOTTED WHIFF,NA
Other,SPOTTEDFIN TONGUEFISH,NA
Other,SPREADFIN SKATE,NA
Benthivore,SQUID CUTTLEFISH AND OCTOPOD UNCL,NA
Other,SQUIDS,NA
Other,"SQUIDS,LOLIGINIDAE",NA
Other,SQUIRRELFISH,NA
Other,SQUIRRELFISH UNCL,NA
Other,STAR DRUM,NA
Other,STARFISH,NA
Other,STARGAZER UNCL,NA
Other,STIMPSON'S WHELK,NA
Other,STINGRAYS,NA
Other,STOUT BEARDFISH,NA
Other,STRAIGHTMOUTH TONGUEFISHES,NA
Other,STREAMER BASS,NA
Other,STREAMER SEAROBIN,NA
Other,STRIATED ARGENTINE,NA
Other,STRIATED FROGFISH,NA
Other,STRIPED ANCHOVY,NA
Piscivore,STRIPED BASS,NA
Other,STRIPED BLENNY,NA
Other,STRIPED BONITO,NA
Other,STRIPED BURRFISH,NA
Other,STRIPED CUSK-EEL,NA
Other,STRIPED GRUNT,NA
Other,STRIPED KILLIFISH,NA
Other,STRIPED MARLIN,NA
Other,STRIPED MULLET,NA
Benthivore,STRIPED SEAROBIN,NA
Other,"STURGEON,ATLANTIC",NA
Other,"STURGEONS,UNC",NA
Other,SUCKERS,NA
Other,SUGAR KELP,NA
Piscivore,SUMMER FLOUNDER,MAFMC
Piscivore,SUMMER FLOUNDER,MAFMC
Other,SUMMER FLOUNDERS,NA
Other,SUNFISHES,NA
Other,SUNSHINEFISH,NA
Other,SWIMMING CRAB UNCL,NA
Apex Predator,SWORDFISH,NA
Other,TARPON,NA
Other,TATTLER,NA
Benthivore,TAUTOG,NA
Other,TEN-RIDGED WHELK,NA
Other,TERRAPIN,NA
Piscivore,THORNY SKATE,NEFMC
Piscivore,THORNY SKATE,NEFMC
Piscivore,THORNY SKATE,NEFMC
Piscivore,THORNY SKATE,NEFMC
Other,THREE-EYE FLOUNDER,NA
Other,THREEBEARD ROCKLING,NA
Other,THREESPINE STICKLEBACK,NA
Other,THRESHER SHARK,NA
Other,TIDEWATER SILVERSIDE,NA
Other,TIGER SHARK,NA
Benthivore,TILEFISH,MAFMC
Other,"TILEFISH,UNC",NA
Other,TOADFISHES,NA
Other,TOMTATE,NA
Other,TRASH,NA
Other,TRIGGERFISH FILEFISH UNCL,NA
Other,TRIPLETAIL,NA
Other,TRUMPETFISH,NA
Other,TRUNKFISH,NA
Other,"TUNA,UNC",NA
Other,"TURTLE,KEMPS RIDLEY",NA
Other,"TURTLE,OLIVE RIDLEY",NA
Other,"TURTLES,SLIDERS",NA
Other,"TURTLES,SNAPPING",NA
Other,"TURTLES,UNC",NA
Other,TWOSPOT CARDINALFISH,NA
Other,TWOSPOT FLOUNDER,NA
Other,UNCLASSIFIED FISH,NA
Other,UNICORN FILEFISH,NA
Other,UNICORN OCTOPUS,NA
Other,UNICORNFISH,NA
Other,VERMILION SNAPPER,NA
Other,VERRILL'S BOBTAIL,NA
Other,VIPERFISH,NA
Other,WAHOO,NA
Other,WALLEYE,NA
Other,WARSAW GROUPER,NA
Other,WAVED WHELK,NA
Piscivore,WEAKFISH,NA
Piscivore,WEAKFISH,NA
Other,WEB BURRFISH,NA
Other,WEITZMANS PEARLSIDES,NA
Other,WENCHMAN,NA
Other,WESTERN SOFTHEAD GRENADIER,NA
Other,"WHELK,LIGHTNING",NA
Other,"WHELK,TRUE,UNC",NA
Other,WHITE BARRACUDINA,NA
Other,WHITE CRAB,NA
Other,WHITE GRUNT,NA
Piscivore,WHITE HAKE,NEFMC
Piscivore,WHITE HAKE,NEFMC
Piscivore,WHITE HAKE,NEFMC
Piscivore,WHITE HAKE,NEFMC
Piscivore,WHITE HAKE,NEFMC
Piscivore,WHITE HAKE,NEFMC
Other,WHITE MARLIN,NA
Other,WHITE MULLET,NA
Other,WHITE PERCH,NA
Other,WHITE SHARK,NA
Other,WHITE SHRIMP,NA
Other,WHITEBONE PORGY,NA
Other,WHITENOSE PIPEFISH,NA
Piscivore,WINDOWPANE,NA
Piscivore,WINDOWPANE,NA
Other,WINGED KELP,NA
Benthivore,WINTER FLOUNDER,NEFMC
Benthivore,WINTER FLOUNDER,NEFMC
Benthivore,WINTER FLOUNDER,NEFMC
Benthivore,WINTER FLOUNDER,NEFMC
Benthivore,WINTER FLOUNDER,NEFMC
Benthivore,WINTER FLOUNDER,NEFMC
Piscivore,WINTER SKATE,NEFMC
Piscivore,WINTER SKATE,NEFMC
Piscivore,WINTER SKATE,NEFMC
Piscivore,WINTER SKATE,NEFMC
Benthivore,WITCH FLOUNDER,NEFMC
Benthivore,WITCH FLOUNDER,NEFMC
Other,WOLF EELPOUT,NA
Other,"WOLFFISH,NORTHERN",NA
Other,"WOLFFISH,SPOTTED",NA
Other,WORMWEED,NA
Other,WRASSE UNCL,NA
Other,WRECKFISH,NA
Other,WRYMOUTH,NA
Other,YELLOW BOX CRAB,NA
Other,YELLOW JACK,NA
Other,YELLOW STINGRAY,NA
Other,YELLOWEDGE GROUPER,NA
Other,YELLOWFIN BASS,NA
Other,YELLOWFIN GROUPER,NA
Apex Predator,YELLOWFIN TUNA,NA
Other,YELLOWMOUTH GROUPER,NA
Benthivore,YELLOWTAIL FLOUNDER,NEFMC
Benthivore,YELLOWTAIL FLOUNDER,NEFMC
Benthivore,YELLOWTAIL FLOUNDER,NEFMC
Other,YELLOWTAIL REEFFISH,NA
Other,YELLOWTAIL SNAPPER,NA
